"weight","ranch","feedType","age"
1380,"WNC","Wind and Rain Storm",19
1234,"TCL","Rangeland",20
1231,"HAN","Accuration",19
1280,"REX","Wind and Rain Storm",20
1227,"HAN","Steakmaker",22
1378,"HAN","Accuration",22
1035,"HAN","Steakmaker",18
1227,"TRI","Accuration",19
1455,"TCL","Rangeland",21
1450,"EVA","Purina",21
1109,"HAN","Wind and Rain Storm",19
1388,"DLL","Purina",22
1264,"SCC","Accuration",21
1346,"TCL","Rangeland",22
1226,"WNC","Accuration",18
1425,"SCC","Rangeland",22
1250,"REX","Purina",18
1366,"WNC","Purina",19
1197,"TRI","Accuration",19
1238,"SHR","Steakmaker",21
1291,"TCL","Rangeland",20
1215,"TRI","Accuration",18
1271,"SCC","Steakmaker",20
1179,"EVA","Purina",18
1281,"DLL","Rangeland",21
1168,"SCC","Wind and Rain Storm",18
1416,"HAN","Accuration",22
1324,"EVA","Purina",20
1427,"DLL","Purina",22
1404,"REX","Wind and Rain Storm",22
1301,"EVA","Purina",19
1267,"EVA","Purina",19
1405,"EVA","Purina",21
1211,"DLL","Accuration",19
1257,"HAN","Steakmaker",21
1346,"DLL","Purina",21
1204,"DLL","Wind and Rain Storm",18
1233,"DCC","Steakmaker",20
1170,"REX","Accuration",18
1210,"TCL","Rangeland",19
1379,"SCC","Steakmaker",21
1474,"WNC","Rangeland",22
1242,"TCL","Rangeland",20
1187,"TCL","Rangeland",18
1297,"WNC","Rangeland",19
1326,"WNC","Steakmaker",22
1214,"HAN","Accuration",20
1251,"WNC","Steakmaker",20
1350,"HAN","Purina",22
1239,"REX","Accuration",20
1339,"DLL","Wind and Rain Storm",21
1319,"SCC","Accuration",20
1482,"TRI","Purina",22
1195,"SCC","Steakmaker",21
1146,"SHR","Accuration",20
1404,"DLL","Wind and Rain Storm",21
1420,"WNC","Purina",20
1181,"SHR","Wind and Rain Storm",18
1296,"DLL","Purina",19
1165,"REX","Wind and Rain Storm",18
1440,"REX","Wind and Rain Storm",22
1301,"DLL","Purina",18
1531,"EVA","Purina",22
1305,"WNC","Steakmaker",21
1205,"DLL","Purina",19
1369,"WNC","Steakmaker",22
1390,"TRI","Accuration",22
1386,"DCC","Purina",19
1247,"DCC","Accuration",18
1215,"SHR","Steakmaker",21
1488,"EVA","Purina",20
1318,"DLL","Rangeland",21
1353,"DCC","Purina",19
1287,"TRI","Purina",19
1266,"SHR","Accuration",20
1507,"TRI","Purina",21
1273,"HAN","Steakmaker",21
1367,"DLL","Purina",22
1209,"TCL","Rangeland",19
1209,"TRI","Wind and Rain Storm",18
1364,"SCC","Accuration",20
1256,"WNC","Steakmaker",19
1366,"TCL","Rangeland",22
1351,"WNC","Rangeland",21
1424,"WNC","Rangeland",22
1187,"WNC","Accuration",19
1225,"HAN","Wind and Rain Storm",19
1375,"TRI","Purina",21
1350,"SHR","Steakmaker",22
1292,"TRI","Wind and Rain Storm",19
1490,"EVA","Purina",22
1263,"TRI","Purina",19
1478,"TCL","Rangeland",22
1264,"WNC","Accuration",18
1209,"HAN","Rangeland",20
1063,"DLL","Rangeland",18
1109,"REX","Wind and Rain Storm",19
1225,"TRI","Steakmaker",21
1382,"SHR","Wind and Rain Storm",21
1170,"HAN","Accuration",19
1246,"REX","Wind and Rain Storm",18
1416,"EVA","Purina",21
1071,"SHR","Steakmaker",19
1302,"WNC","Wind and Rain Storm",20
1440,"HAN","Purina",22
1368,"WNC","Accuration",22
1363,"EVA","Purina",20
1374,"EVA","Purina",19
1354,"TRI","Purina",21
1378,"WNC","Steakmaker",21
1279,"TRI","Wind and Rain Storm",21
1463,"REX","Rangeland",21
1410,"DLL","Rangeland",21
1268,"HAN","Purina",18
1429,"EVA","Purina",20
1357,"DLL","Purina",22
1224,"REX","Rangeland",19
1404,"WNC","Purina",19
1149,"REX","Accuration",18
1364,"EVA","Purina",22
1289,"TRI","Accuration",19
1399,"DCC","Rangeland",21
1171,"DLL","Wind and Rain Storm",18
1253,"REX","Wind and Rain Storm",19
1445,"EVA","Purina",21
1291,"HAN","Rangeland",21
1178,"REX","Steakmaker",21
1263,"SHR","Accuration",20
1348,"WNC","Steakmaker",19
1495,"EVA","Purina",22
1314,"WNC","Steakmaker",20
1383,"WNC","Steakmaker",22
1152,"SCC","Accuration",18
1309,"TRI","Steakmaker",21
1273,"REX","Accuration",20
1126,"DCC","Accuration",18
1379,"TCL","Rangeland",21
1338,"SCC","Accuration",20
1325,"TRI","Rangeland",19
1272,"TRI","Wind and Rain Storm",20
1208,"DLL","Steakmaker",20
1337,"SHR","Rangeland",22
1272,"HAN","Wind and Rain Storm",20
1415,"WNC","Wind and Rain Storm",20
1249,"DLL","Wind and Rain Storm",20
1359,"SHR","Rangeland",22
1354,"HAN","Wind and Rain Storm",22
1288,"TRI","Wind and Rain Storm",19
1258,"EVA","Purina",18
1410,"HAN","Accuration",22
1186,"REX","Rangeland",18
1287,"SHR","Purina",20
1285,"SHR","Wind and Rain Storm",19
1282,"DLL","Wind and Rain Storm",18
1423,"REX","Purina",21
1312,"DLL","Rangeland",20
1239,"TCL","Rangeland",20
1447,"DLL","Purina",22
1367,"WNC","Accuration",21
1237,"EVA","Purina",18
1517,"WNC","Purina",22
1294,"EVA","Purina",19
1410,"SCC","Rangeland",19
1374,"TCL","Rangeland",21
1379,"HAN","Rangeland",22
1430,"EVA","Purina",21
1314,"EVA","Purina",18
1297,"EVA","Purina",18
1297,"TRI","Wind and Rain Storm",18
1169,"WNC","Rangeland",19
1400,"DLL","Rangeland",20
1316,"DCC","Accuration",21
1212,"HAN","Rangeland",19
1365,"SHR","Rangeland",22
1145,"DLL","Rangeland",18
1429,"DLL","Wind and Rain Storm",22
1422,"TRI","Rangeland",21
1372,"TCL","Rangeland",22
1239,"TCL","Rangeland",19
1394,"SHR","Purina",21
1338,"WNC","Accuration",21
1243,"HAN","Steakmaker",22
1382,"TCL","Rangeland",20
1119,"SHR","Steakmaker",19
1394,"DCC","Rangeland",22
1413,"EVA","Purina",22
1187,"HAN","Purina",19
1181,"SHR","Purina",20
1374,"WNC","Rangeland",20
1288,"TCL","Rangeland",20
1264,"DCC","Accuration",19
1180,"HAN","Wind and Rain Storm",19
1229,"SCC","Wind and Rain Storm",18
1353,"TCL","Rangeland",21
1286,"TRI","Wind and Rain Storm",19
1136,"HAN","Steakmaker",19
1390,"TRI","Wind and Rain Storm",22
1269,"EVA","Purina",19
1328,"HAN","Wind and Rain Storm",20
1332,"REX","Accuration",20
1368,"WNC","Steakmaker",22
1314,"REX","Steakmaker",20
1293,"SHR","Rangeland",22
1343,"TCL","Rangeland",21
1159,"HAN","Accuration",19
1364,"EVA","Purina",20
1349,"SHR","Rangeland",21
1233,"SHR","Accuration",19
1200,"SHR","Wind and Rain Storm",20
1325,"DCC","Steakmaker",21
1472,"SCC","Accuration",21
1266,"DCC","Accuration",19
1415,"WNC","Wind and Rain Storm",22
1334,"DCC","Rangeland",22
1202,"DCC","Steakmaker",19
1284,"TCL","Rangeland",22
1274,"DLL","Purina",20
1386,"WNC","Purina",21
1347,"HAN","Purina",22
1289,"TCL","Rangeland",19
1329,"SCC","Accuration",19
1480,"WNC","Accuration",22
1393,"HAN","Rangeland",22
1371,"WNC","Steakmaker",22
1325,"REX","Accuration",21
1179,"REX","Steakmaker",20
1281,"EVA","Purina",20
1324,"TRI","Wind and Rain Storm",20
1217,"TCL","Rangeland",18
1304,"SHR","Wind and Rain Storm",19
1176,"HAN","Steakmaker",18
1257,"TCL","Rangeland",19
1201,"SHR","Purina",19
1415,"TRI","Rangeland",21
1263,"EVA","Purina",19
1361,"TCL","Rangeland",22
1335,"HAN","Purina",21
1241,"TRI","Wind and Rain Storm",18
1336,"DCC","Accuration",20
1227,"HAN","Rangeland",22
1144,"HAN","Accuration",18
1322,"REX","Steakmaker",21
1437,"EVA","Purina",21
1181,"DLL","Rangeland",18
1279,"HAN","Accuration",20
1450,"WNC","Accuration",21
1235,"TRI","Purina",20
1315,"REX","Accuration",21
1251,"TRI","Steakmaker",19
1358,"DLL","Wind and Rain Storm",19
1251,"SCC","Purina",18
1382,"TRI","Purina",21
1436,"DCC","Rangeland",22
1241,"TRI","Wind and Rain Storm",19
1355,"HAN","Wind and Rain Storm",20
1401,"SHR","Purina",22
1261,"TCL","Rangeland",20
1181,"SHR","Steakmaker",20
1292,"SCC","Wind and Rain Storm",19
1315,"SHR","Steakmaker",22
1350,"WNC","Wind and Rain Storm",20
1324,"SHR","Accuration",22
1173,"HAN","Rangeland",19
1504,"WNC","Wind and Rain Storm",22
1240,"DCC","Accuration",18
1238,"SHR","Wind and Rain Storm",19
1278,"SCC","Accuration",18
1306,"TCL","Rangeland",19
1359,"DLL","Purina",21
1393,"DCC","Accuration",22
1356,"DCC","Rangeland",20
1422,"DCC","Accuration",21
1309,"DLL","Steakmaker",22
1226,"DLL","Steakmaker",19
1205,"TRI","Steakmaker",19
1258,"EVA","Purina",19
1159,"TCL","Rangeland",18
1241,"WNC","Rangeland",18
1297,"TRI","Wind and Rain Storm",21
1313,"REX","Purina",19
1286,"WNC","Purina",18
1118,"SHR","Rangeland",19
1135,"REX","Steakmaker",19
1206,"SCC","Rangeland",18
1302,"DCC","Wind and Rain Storm",20
1269,"SCC","Rangeland",18
1300,"TRI","Wind and Rain Storm",19
1198,"DCC","Rangeland",18
1441,"DCC","Accuration",21
1243,"TRI","Steakmaker",19
1220,"WNC","Steakmaker",19
1384,"EVA","Purina",20
1231,"DLL","Wind and Rain Storm",19
1404,"HAN","Wind and Rain Storm",22
1164,"DCC","Accuration",19
1335,"SCC","Wind and Rain Storm",20
1322,"EVA","Purina",19
1344,"SHR","Rangeland",22
1187,"SHR","Rangeland",19
1366,"TRI","Accuration",21
1284,"SHR","Purina",21
1141,"DCC","Accuration",18
1211,"DLL","Steakmaker",21
1332,"EVA","Purina",20
1357,"DCC","Rangeland",22
1305,"SHR","Purina",22
1343,"TCL","Rangeland",21
1201,"TRI","Wind and Rain Storm",18
1317,"HAN","Purina",21
1363,"WNC","Wind and Rain Storm",19
1365,"DLL","Rangeland",22
1315,"REX","Rangeland",19
1166,"TRI","Accuration",18
1328,"TCL","Rangeland",22
1283,"REX","Wind and Rain Storm",19
1279,"SHR","Rangeland",20
1295,"DLL","Rangeland",21
1242,"TCL","Rangeland",18
1197,"REX","Accuration",19
1389,"WNC","Purina",20
1305,"SCC","Rangeland",19
1502,"EVA","Purina",22
1362,"SCC","Accuration",22
1241,"SCC","Rangeland",18
1322,"WNC","Wind and Rain Storm",19
1199,"REX","Purina",19
1283,"REX","Rangeland",19
1320,"SCC","Steakmaker",21
1209,"TCL","Rangeland",19
1321,"HAN","Accuration",22
1431,"WNC","Rangeland",22
1254,"SHR","Accuration",21
1231,"TCL","Rangeland",19
1229,"HAN","Accuration",18
1249,"HAN","Steakmaker",22
1197,"WNC","Steakmaker",18
1276,"SHR","Steakmaker",22
1169,"DLL","Accuration",18
1139,"DCC","Steakmaker",18
1528,"DCC","Rangeland",22
1257,"SCC","Purina",18
1307,"TRI","Purina",21
1342,"DLL","Rangeland",21
1216,"SHR","Rangeland",19
1326,"REX","Purina",19
1304,"SHR","Steakmaker",22
1208,"DLL","Purina",18
1200,"REX","Accuration",19
1190,"SHR","Accuration",18
1276,"WNC","Accuration",19
1357,"TRI","Accuration",21
1243,"WNC","Rangeland",19
1227,"HAN","Steakmaker",21
1175,"WNC","Rangeland",18
1151,"DLL","Wind and Rain Storm",18
1326,"DCC","Rangeland",21
1309,"DCC","Purina",19
1266,"HAN","Purina",18
1417,"DLL","Rangeland",21
1209,"HAN","Wind and Rain Storm",18
1142,"TCL","Rangeland",18
1457,"DCC","Purina",22
1364,"SCC","Rangeland",20
1319,"REX","Steakmaker",22
1274,"SHR","Purina",19
1183,"REX","Rangeland",18
1217,"DLL","Steakmaker",19
1274,"TCL","Rangeland",21
1219,"WNC","Steakmaker",18
1369,"EVA","Purina",19
1342,"TRI","Wind and Rain Storm",21
1408,"EVA","Purina",21
1110,"SHR","Steakmaker",18
1203,"DLL","Rangeland",18
1298,"DCC","Rangeland",21
1258,"DLL","Rangeland",19
1364,"REX","Accuration",19
1250,"TCL","Rangeland",19
1380,"EVA","Purina",20
1301,"EVA","Purina",19
1222,"HAN","Steakmaker",21
1191,"TCL","Rangeland",18
1170,"TCL","Rangeland",18
1284,"WNC","Wind and Rain Storm",19
1486,"HAN","Purina",22
1301,"DLL","Steakmaker",21
1208,"REX","Accuration",18
1280,"HAN","Wind and Rain Storm",20
1425,"TCL","Rangeland",22
1292,"WNC","Wind and Rain Storm",19
1285,"HAN","Steakmaker",22
1364,"TRI","Purina",21
1261,"SCC","Wind and Rain Storm",18
1217,"REX","Wind and Rain Storm",18
1414,"DLL","Wind and Rain Storm",22
1373,"HAN","Rangeland",21
1398,"EVA","Purina",22
1094,"TCL","Rangeland",18
1152,"HAN","Accuration",19
1369,"EVA","Purina",19
1381,"EVA","Purina",20
1243,"REX","Steakmaker",18
1287,"REX","Rangeland",21
1414,"DCC","Wind and Rain Storm",20
1197,"REX","Steakmaker",20
1304,"SHR","Wind and Rain Storm",21
1198,"SHR","Wind and Rain Storm",19
1341,"REX","Wind and Rain Storm",21
1418,"REX","Purina",21
1551,"EVA","Purina",22
1152,"TCL","Rangeland",18
1342,"DCC","Steakmaker",22
1419,"REX","Rangeland",20
1358,"EVA","Purina",19
1225,"SCC","Wind and Rain Storm",18
1345,"REX","Rangeland",21
1482,"HAN","Rangeland",22
1084,"DLL","Rangeland",18
1206,"TRI","Rangeland",18
1181,"DLL","Wind and Rain Storm",19
1201,"TCL","Rangeland",18
1349,"SHR","Steakmaker",22
1297,"SCC","Wind and Rain Storm",18
1241,"REX","Accuration",19
1318,"SCC","Steakmaker",21
1472,"SCC","Accuration",22
1323,"WNC","Purina",19
1298,"TCL","Rangeland",20
1480,"DCC","Wind and Rain Storm",22
1082,"SHR","Steakmaker",19
1198,"DLL","Wind and Rain Storm",18
1197,"DCC","Steakmaker",18
1459,"WNC","Purina",22
1414,"TCL","Rangeland",22
1265,"DLL","Accuration",21
1395,"SHR","Accuration",22
1316,"DLL","Wind and Rain Storm",20
1242,"REX","Wind and Rain Storm",19
1226,"TCL","Rangeland",19
1278,"TCL","Rangeland",19
1272,"HAN","Accuration",19
1265,"TCL","Rangeland",20
1351,"DCC","Accuration",20
1474,"SCC","Steakmaker",22
1311,"SHR","Purina",21
1222,"SHR","Steakmaker",20
1193,"HAN","Purina",18
1253,"SCC","Steakmaker",20
1371,"WNC","Accuration",19
1213,"TRI","Accuration",20
1343,"REX","Purina",21
1185,"WNC","Accuration",18
1169,"SHR","Purina",18
1239,"HAN","Rangeland",19
1441,"SCC","Wind and Rain Storm",21
1409,"TCL","Rangeland",22
1407,"TCL","Rangeland",22
1506,"TRI","Purina",22
1349,"DCC","Purina",21
1459,"DCC","Wind and Rain Storm",21
1250,"EVA","Purina",18
1309,"SCC","Wind and Rain Storm",20
1141,"TRI","Steakmaker",18
1425,"WNC","Wind and Rain Storm",22
1384,"SCC","Accuration",21
1292,"TRI","Purina",19
1099,"HAN","Steakmaker",18
1452,"WNC","Accuration",22
1357,"TCL","Rangeland",22
1091,"TCL","Rangeland",18
1365,"WNC","Rangeland",20
1368,"REX","Wind and Rain Storm",20
1310,"WNC","Purina",20
1448,"WNC","Wind and Rain Storm",20
1288,"SCC","Wind and Rain Storm",19
1376,"SCC","Steakmaker",21
1242,"SHR","Accuration",21
1262,"DCC","Accuration",20
1302,"DLL","Rangeland",20
1412,"WNC","Accuration",21
1464,"TRI","Wind and Rain Storm",22
1482,"EVA","Purina",21
1521,"DCC","Rangeland",22
1287,"HAN","Accuration",20
1364,"EVA","Purina",20
1425,"DCC","Wind and Rain Storm",22
1404,"EVA","Purina",20
1204,"DCC","Accuration",18
1447,"EVA","Purina",21
1052,"HAN","Steakmaker",18
1320,"DCC","Rangeland",20
1350,"DCC","Wind and Rain Storm",19
1238,"TCL","Rangeland",18
1269,"SCC","Wind and Rain Storm",19
1223,"TCL","Rangeland",19
1287,"DCC","Purina",20
1171,"REX","Steakmaker",18
1269,"DCC","Steakmaker",19
1168,"TCL","Rangeland",19
1309,"EVA","Purina",18
1172,"HAN","Steakmaker",20
1308,"WNC","Accuration",19
1260,"DLL","Steakmaker",21
1122,"REX","Steakmaker",18
1287,"SHR","Accuration",20
1271,"SHR","Purina",18
1381,"SCC","Purina",21
1164,"EVA","Purina",18
1303,"TCL","Rangeland",20
1367,"TCL","Rangeland",22
1426,"REX","Purina",22
1410,"EVA","Purina",20
1210,"DCC","Steakmaker",20
1209,"TRI","Steakmaker",18
1327,"SCC","Steakmaker",21
1318,"DLL","Rangeland",20
1136,"DLL","Wind and Rain Storm",19
1388,"DLL","Rangeland",22
1246,"TRI","Rangeland",18
1387,"TCL","Rangeland",22
1364,"TCL","Rangeland",22
1163,"TCL","Rangeland",18
1298,"DCC","Steakmaker",19
1484,"DLL","Wind and Rain Storm",22
1385,"DCC","Accuration",22
1106,"HAN","Accuration",18
1263,"SHR","Purina",18
1257,"SHR","Rangeland",21
1353,"EVA","Purina",20
1166,"SHR","Accuration",19
1555,"EVA","Purina",22
1242,"HAN","Accuration",19
1318,"SHR","Wind and Rain Storm",19
1160,"TRI","Steakmaker",18
1555,"EVA","Purina",22
1275,"EVA","Purina",19
1258,"TRI","Rangeland",19
1312,"DCC","Accuration",21
1419,"TRI","Wind and Rain Storm",21
1324,"TRI","Accuration",22
1200,"DCC","Steakmaker",18
1434,"SCC","Wind and Rain Storm",22
1217,"EVA","Purina",18
1295,"TRI","Steakmaker",19
1371,"HAN","Accuration",22
1159,"TRI","Purina",18
1278,"TRI","Rangeland",19
1290,"HAN","Purina",22
1323,"SCC","Steakmaker",19
1325,"WNC","Accuration",18
1298,"TRI","Wind and Rain Storm",19
1341,"TCL","Rangeland",21
1195,"WNC","Wind and Rain Storm",18
1289,"SHR","Steakmaker",21
1409,"EVA","Purina",20
1342,"TRI","Accuration",22
1434,"TRI","Wind and Rain Storm",22
1231,"REX","Wind and Rain Storm",20
1222,"HAN","Steakmaker",20
1421,"TRI","Accuration",22
1446,"TCL","Rangeland",21
1287,"DLL","Accuration",20
1333,"EVA","Purina",18
1394,"DLL","Purina",22
1168,"DLL","Accuration",18
1222,"SCC","Accuration",19
1430,"HAN","Rangeland",22
1338,"SHR","Steakmaker",22
1319,"SCC","Wind and Rain Storm",19
1325,"WNC","Rangeland",19
1376,"TRI","Rangeland",20
1344,"SCC","Steakmaker",22
1355,"HAN","Rangeland",21
1222,"WNC","Accuration",18
1234,"HAN","Steakmaker",22
1383,"TCL","Rangeland",20
1231,"TCL","Rangeland",19
1342,"EVA","Purina",19
1179,"SHR","Accuration",19
1351,"EVA","Purina",18
1293,"TCL","Rangeland",20
1117,"DCC","Steakmaker",18
1261,"WNC","Steakmaker",18
1487,"DCC","Wind and Rain Storm",22
1250,"HAN","Wind and Rain Storm",19
1124,"DCC","Steakmaker",18
1459,"EVA","Purina",21
1390,"EVA","Purina",21
1449,"REX","Purina",21
1337,"TRI","Purina",19
1392,"SCC","Rangeland",22
1351,"HAN","Accuration",21
1193,"SHR","Steakmaker",21
1135,"SCC","Steakmaker",18
1125,"REX","Steakmaker",18
1444,"DLL","Wind and Rain Storm",22
1234,"REX","Wind and Rain Storm",19
1244,"TRI","Accuration",19
1055,"HAN","Accuration",19
1287,"HAN","Rangeland",20
1318,"TCL","Rangeland",22
1191,"DCC","Accuration",18
1310,"DLL","Steakmaker",21
1450,"WNC","Rangeland",20
1413,"HAN","Purina",22
1280,"DCC","Rangeland",18
1430,"DCC","Accuration",22
1272,"SHR","Accuration",19
1479,"DCC","Accuration",22
1270,"HAN","Purina",20
1379,"SCC","Wind and Rain Storm",19
1496,"TRI","Rangeland",22
1120,"DCC","Steakmaker",18
1332,"TRI","Wind and Rain Storm",20
1357,"TCL","Rangeland",21
1350,"TRI","Purina",21
1495,"EVA","Purina",22
1436,"DLL","Wind and Rain Storm",22
1313,"EVA","Purina",20
1327,"TCL","Rangeland",22
1466,"WNC","Rangeland",22
1219,"HAN","Steakmaker",20
1361,"WNC","Rangeland",19
1153,"SCC","Steakmaker",19
1134,"SHR","Purina",19
1373,"DCC","Rangeland",22
1118,"HAN","Steakmaker",19
1211,"HAN","Steakmaker",18
1242,"SHR","Purina",19
1330,"HAN","Wind and Rain Storm",21
1439,"SCC","Rangeland",22
1239,"REX","Rangeland",18
1391,"DCC","Accuration",21
1174,"SHR","Accuration",19
1392,"WNC","Steakmaker",21
1137,"HAN","Accuration",18
1317,"EVA","Purina",19
1413,"TRI","Steakmaker",22
1208,"DLL","Rangeland",18
1327,"DCC","Rangeland",20
1394,"REX","Wind and Rain Storm",21
1233,"HAN","Purina",20
1196,"DCC","Purina",18
1465,"DCC","Purina",22
1488,"EVA","Purina",20
1352,"DCC","Wind and Rain Storm",20
1472,"EVA","Purina",22
1195,"DCC","Purina",18
1350,"WNC","Rangeland",19
1301,"DCC","Accuration",19
1101,"SHR","Accuration",18
1209,"TRI","Steakmaker",18
1331,"SCC","Steakmaker",20
1335,"DCC","Purina",19
1387,"DCC","Rangeland",21
1284,"REX","Accuration",21
1151,"SCC","Accuration",18
1138,"SHR","Steakmaker",19
1149,"REX","Accuration",18
1354,"TCL","Rangeland",22
1403,"WNC","Accuration",20
1256,"REX","Accuration",20
1241,"DLL","Steakmaker",22
1185,"REX","Rangeland",20
1533,"EVA","Purina",22
1272,"DCC","Steakmaker",22
1233,"REX","Rangeland",20
1345,"TCL","Rangeland",21
1445,"EVA","Purina",22
1202,"WNC","Rangeland",19
1327,"SHR","Accuration",21
1212,"SCC","Steakmaker",19
1251,"DCC","Wind and Rain Storm",18
1230,"DLL","Wind and Rain Storm",18
1304,"SCC","Steakmaker",20
1365,"EVA","Purina",19
1325,"WNC","Accuration",19
1278,"SCC","Rangeland",18
1377,"SCC","Purina",21
1204,"TCL","Rangeland",18
1326,"WNC","Accuration",18
1260,"DCC","Accuration",20
1366,"SHR","Rangeland",22
1019,"REX","Steakmaker",18
1244,"TRI","Accuration",18
1193,"WNC","Steakmaker",19
1523,"EVA","Purina",22
1327,"TCL","Rangeland",20
1421,"TRI","Rangeland",20
1329,"TCL","Rangeland",20
1174,"DLL","Purina",18
1385,"DLL","Wind and Rain Storm",20
1338,"DCC","Steakmaker",21
1310,"DCC","Wind and Rain Storm",20
1271,"SHR","Steakmaker",22
1384,"HAN","Rangeland",22
1400,"DCC","Purina",22
1276,"TCL","Rangeland",18
1262,"HAN","Accuration",20
1410,"TCL","Rangeland",22
1335,"SHR","Accuration",22
1392,"HAN","Accuration",22
1361,"SHR","Accuration",21
1278,"DLL","Purina",20
1367,"DLL","Rangeland",20
1159,"HAN","Wind and Rain Storm",19
1249,"SCC","Steakmaker",20
1245,"WNC","Rangeland",18
1283,"SHR","Accuration",20
1222,"DCC","Rangeland",19
1397,"DCC","Steakmaker",22
1143,"DLL","Wind and Rain Storm",18
1159,"REX","Accuration",19
1349,"SHR","Accuration",22
1346,"TRI","Accuration",21
1312,"HAN","Rangeland",19
1406,"REX","Purina",20
1379,"DCC","Rangeland",20
1371,"DCC","Purina",20
1431,"TRI","Purina",21
1315,"DCC","Rangeland",20
1237,"REX","Rangeland",18
1370,"DLL","Purina",22
1338,"TCL","Rangeland",22
1135,"DLL","Steakmaker",19
1399,"TRI","Wind and Rain Storm",21
1351,"DLL","Wind and Rain Storm",21
1393,"TRI","Purina",21
1345,"EVA","Purina",19
1372,"SCC","Purina",21
1149,"TCL","Rangeland",18
1416,"REX","Rangeland",22
1375,"WNC","Steakmaker",22
1157,"SHR","Accuration",18
1345,"REX","Rangeland",21
1347,"SCC","Rangeland",20
1366,"WNC","Rangeland",21
1476,"SCC","Steakmaker",22
1264,"DLL","Wind and Rain Storm",19
1340,"WNC","Rangeland",20
1314,"DLL","Wind and Rain Storm",19
1344,"SHR","Accuration",22
1453,"TCL","Rangeland",22
1248,"SCC","Steakmaker",18
1383,"REX","Accuration",21
1477,"WNC","Accuration",21
1277,"SHR","Purina",20
1260,"SHR","Wind and Rain Storm",21
1431,"TCL","Rangeland",22
1298,"HAN","Wind and Rain Storm",20
1316,"TRI","Accuration",20
1332,"WNC","Accuration",20
1440,"TRI","Purina",21
1281,"HAN","Accuration",21
1391,"DLL","Rangeland",20
1327,"DCC","Accuration",21
1290,"DCC","Steakmaker",20
1266,"SCC","Wind and Rain Storm",19
1200,"WNC","Steakmaker",19
1358,"TCL","Rangeland",21
1357,"SCC","Accuration",21
1249,"HAN","Rangeland",20
1425,"EVA","Purina",21
1391,"EVA","Purina",20
1290,"WNC","Purina",18
1433,"WNC","Wind and Rain Storm",21
1439,"REX","Wind and Rain Storm",22
1181,"DLL","Purina",18
1323,"WNC","Purina",19
1115,"SHR","Wind and Rain Storm",18
1363,"DLL","Wind and Rain Storm",20
1241,"SCC","Purina",18
1297,"REX","Steakmaker",19
1246,"TRI","Accuration",21
1292,"WNC","Rangeland",19
1168,"DLL","Steakmaker",20
1273,"DLL","Wind and Rain Storm",18
1232,"TRI","Purina",18
1313,"REX","Purina",22
1433,"DCC","Rangeland",21
1165,"HAN","Steakmaker",19
1203,"HAN","Accuration",18
1361,"EVA","Purina",20
1090,"DCC","Steakmaker",18
1390,"WNC","Rangeland",21
1237,"HAN","Accuration",21
1246,"DCC","Steakmaker",21
1142,"REX","Accuration",18
1254,"TCL","Rangeland",19
1420,"WNC","Accuration",21
1310,"TCL","Rangeland",21
1160,"TRI","Steakmaker",19
1174,"SCC","Steakmaker",20
1261,"TRI","Purina",19
1400,"SCC","Rangeland",21
1224,"DLL","Wind and Rain Storm",18
1384,"SCC","Purina",19
1382,"EVA","Purina",21
1391,"DCC","Rangeland",21
1225,"TRI","Purina",18
1198,"TCL","Rangeland",20
1282,"DCC","Wind and Rain Storm",19
1285,"TRI","Wind and Rain Storm",19
1318,"DCC","Wind and Rain Storm",20
1337,"WNC","Accuration",19
1408,"TCL","Rangeland",22
1275,"TCL","Rangeland",19
1279,"TRI","Steakmaker",21
1362,"WNC","Wind and Rain Storm",19
1469,"TCL","Rangeland",22
1335,"REX","Accuration",22
1473,"WNC","Wind and Rain Storm",22
1270,"SHR","Wind and Rain Storm",20
1301,"EVA","Purina",19
1315,"TRI","Steakmaker",22
1199,"EVA","Purina",18
1470,"SCC","Wind and Rain Storm",22
1364,"TRI","Accuration",21
1425,"SCC","Purina",20
1474,"HAN","Wind and Rain Storm",22
1356,"DLL","Purina",21
1206,"DLL","Accuration",19
1337,"WNC","Accuration",20
1299,"WNC","Accuration",19
1368,"REX","Purina",21
1157,"WNC","Accuration",18
1413,"TCL","Rangeland",22
1337,"EVA","Purina",19
1290,"REX","Rangeland",20
1185,"TRI","Steakmaker",19
1238,"REX","Purina",19
1149,"REX","Rangeland",18
1155,"SHR","Rangeland",19
1318,"WNC","Purina",19
1387,"TRI","Accuration",21
1502,"WNC","Rangeland",20
1434,"TRI","Wind and Rain Storm",22
1322,"WNC","Rangeland",20
1325,"EVA","Purina",18
1325,"EVA","Purina",18
1579,"EVA","Purina",22
1329,"EVA","Purina",19
1460,"SCC","Rangeland",22
1267,"HAN","Wind and Rain Storm",19
1340,"TCL","Rangeland",22
1422,"WNC","Wind and Rain Storm",19
1400,"WNC","Accuration",21
1301,"DCC","Steakmaker",19
1231,"REX","Steakmaker",20
1441,"EVA","Purina",21
1246,"REX","Accuration",21
1292,"DLL","Wind and Rain Storm",20
1342,"HAN","Purina",20
1398,"DCC","Wind and Rain Storm",21
1411,"TCL","Rangeland",22
1253,"HAN","Accuration",21
1232,"HAN","Steakmaker",20
1245,"SCC","Wind and Rain Storm",18
1384,"EVA","Purina",21
1317,"SCC","Accuration",20
1223,"HAN","Accuration",21
1375,"SHR","Purina",22
1156,"SHR","Rangeland",18
1072,"TRI","Steakmaker",18
1439,"TRI","Purina",22
1320,"DCC","Wind and Rain Storm",19
1288,"TRI","Rangeland",20
1355,"EVA","Purina",21
1255,"SCC","Steakmaker",19
1242,"HAN","Rangeland",20
1337,"SHR","Wind and Rain Storm",21
1279,"WNC","Wind and Rain Storm",18
1424,"TRI","Rangeland",22
1263,"REX","Accuration",18
1245,"DCC","Purina",18
1291,"SHR","Wind and Rain Storm",20
1293,"DLL","Accuration",20
1368,"EVA","Purina",20
1323,"SHR","Rangeland",22
1387,"DLL","Wind and Rain Storm",22
1440,"REX","Rangeland",22
1446,"EVA","Purina",21
1422,"DCC","Rangeland",22
1163,"HAN","Steakmaker",18
1185,"HAN","Rangeland",19
1152,"TCL","Rangeland",18
1291,"SCC","Wind and Rain Storm",18
1219,"TCL","Rangeland",19
1167,"TCL","Rangeland",18
1275,"TCL","Rangeland",20
1440,"TCL","Rangeland",22
1276,"DLL","Wind and Rain Storm",19
1445,"REX","Rangeland",21
1297,"SCC","Rangeland",19
1191,"DCC","Steakmaker",18
1522,"TRI","Wind and Rain Storm",22
1372,"EVA","Purina",21
1305,"EVA","Purina",18
1462,"DLL","Accuration",22
1417,"WNC","Accuration",21
1189,"TCL","Rangeland",18
1317,"REX","Purina",21
1454,"DCC","Wind and Rain Storm",22
1374,"SCC","Purina",20
1303,"EVA","Purina",18
1278,"EVA","Purina",19
1381,"EVA","Purina",20
1342,"REX","Rangeland",20
1215,"REX","Purina",19
1252,"DCC","Purina",18
1142,"HAN","Steakmaker",19
1410,"WNC","Wind and Rain Storm",22
1126,"SHR","Purina",18
1287,"DLL","Purina",20
1414,"REX","Wind and Rain Storm",21
1346,"EVA","Purina",20
1296,"EVA","Purina",18
1401,"DCC","Purina",21
1219,"DLL","Rangeland",20
1402,"DCC","Wind and Rain Storm",21
1415,"EVA","Purina",21
1162,"SCC","Wind and Rain Storm",18
1374,"DLL","Accuration",22
1345,"TCL","Rangeland",22
1266,"TCL","Rangeland",19
1257,"TRI","Steakmaker",21
1324,"SCC","Rangeland",20
1250,"HAN","Wind and Rain Storm",19
1373,"DCC","Steakmaker",21
1408,"EVA","Purina",19
1255,"DCC","Accuration",20
1276,"TRI","Wind and Rain Storm",19
1343,"REX","Accuration",19
1320,"TCL","Rangeland",21
1415,"WNC","Purina",20
1404,"WNC","Rangeland",20
1296,"TCL","Rangeland",19
1235,"TCL","Rangeland",19
1494,"DCC","Wind and Rain Storm",22
1140,"SHR","Steakmaker",19
1218,"REX","Steakmaker",18
1144,"TCL","Rangeland",18
1276,"REX","Rangeland",20
1488,"WNC","Rangeland",21
1374,"DLL","Wind and Rain Storm",22
1176,"DLL","Wind and Rain Storm",18
1227,"DLL","Wind and Rain Storm",18
1545,"WNC","Wind and Rain Storm",22
1275,"TCL","Rangeland",19
1332,"DCC","Purina",20
1240,"REX","Rangeland",18
1464,"SHR","Purina",22
1322,"TCL","Rangeland",19
1291,"SCC","Wind and Rain Storm",19
1496,"DLL","Wind and Rain Storm",22
1346,"WNC","Rangeland",20
1332,"EVA","Purina",19
1382,"DCC","Wind and Rain Storm",21
1299,"TRI","Accuration",22
1344,"SHR","Rangeland",22
1274,"SCC","Wind and Rain Storm",21
1277,"TCL","Rangeland",21
1363,"SHR","Rangeland",22
1267,"DLL","Rangeland",20
1277,"TCL","Rangeland",20
1265,"DLL","Purina",19
1409,"REX","Rangeland",22
1161,"HAN","Rangeland",19
1188,"HAN","Wind and Rain Storm",19
1231,"REX","Wind and Rain Storm",18
1351,"EVA","Purina",19
1332,"WNC","Accuration",21
1170,"TRI","Wind and Rain Storm",18
1351,"TRI","Purina",18
1258,"DCC","Rangeland",18
1335,"SCC","Rangeland",18
1324,"DCC","Steakmaker",22
1178,"DCC","Steakmaker",19
1395,"TCL","Rangeland",22
1182,"HAN","Steakmaker",20
1235,"WNC","Accuration",18
1446,"WNC","Purina",21
1401,"EVA","Purina",20
1154,"HAN","Rangeland",19
1406,"TCL","Rangeland",22
1322,"SHR","Purina",21
1047,"REX","Steakmaker",18
1271,"SHR","Purina",19
1283,"SHR","Accuration",19
1386,"REX","Purina",22
1377,"TCL","Rangeland",22
1252,"SCC","Accuration",19
1253,"DLL","Rangeland",20
1465,"DLL","Purina",22
1374,"SHR","Wind and Rain Storm",22
1111,"DLL","Steakmaker",18
1381,"TCL","Rangeland",22
1268,"WNC","Steakmaker",19
1254,"SCC","Rangeland",18
1320,"SCC","Steakmaker",22
1390,"REX","Purina",22
1245,"TRI","Purina",18
1457,"REX","Rangeland",22
1268,"TRI","Accuration",19
1388,"SCC","Rangeland",20
1373,"EVA","Purina",20
1225,"REX","Purina",18
1289,"TRI","Purina",19
1301,"SCC","Rangeland",19
1291,"DLL","Accuration",20
1365,"HAN","Purina",22
1423,"REX","Rangeland",22
1119,"SHR","Purina",18
1130,"SHR","Purina",18
1241,"TRI","Steakmaker",19
1353,"EVA","Purina",19
1280,"SHR","Rangeland",20
1236,"SHR","Purina",19
1199,"TCL","Rangeland",19
1233,"REX","Purina",21
1273,"SHR","Steakmaker",19
1271,"HAN","Accuration",21
1244,"SCC","Accuration",19
1238,"TCL","Rangeland",20
1334,"DCC","Rangeland",19
1099,"SHR","Steakmaker",19
1525,"EVA","Purina",22
1210,"REX","Accuration",19
1285,"WNC","Steakmaker",20
1277,"TRI","Wind and Rain Storm",22
1291,"TCL","Rangeland",20
1336,"DCC","Accuration",21
1445,"WNC","Steakmaker",22
1063,"DCC","Steakmaker",18
1362,"REX","Purina",21
1153,"REX","Wind and Rain Storm",18
1355,"WNC","Accuration",21
1239,"EVA","Purina",18
1328,"SCC","Steakmaker",22
1353,"EVA","Purina",18
1206,"TRI","Steakmaker",19
1199,"DLL","Wind and Rain Storm",18
1270,"SCC","Wind and Rain Storm",19
1439,"DCC","Accuration",21
1116,"HAN","Steakmaker",19
1431,"TRI","Purina",22
1426,"SCC","Purina",20
1179,"DLL","Purina",18
1100,"HAN","Steakmaker",20
1226,"REX","Wind and Rain Storm",18
1256,"HAN","Purina",21
1225,"DCC","Accuration",19
1219,"WNC","Accuration",18
1278,"EVA","Purina",18
1252,"SHR","Wind and Rain Storm",20
1155,"WNC","Steakmaker",18
1174,"WNC","Steakmaker",19
1286,"EVA","Purina",19
1335,"DLL","Purina",20
1141,"HAN","Steakmaker",18
1322,"WNC","Rangeland",19
1340,"EVA","Purina",19
1552,"EVA","Purina",22
1234,"WNC","Accuration",18
1385,"DCC","Accuration",21
1111,"SHR","Wind and Rain Storm",19
1321,"TRI","Accuration",22
1303,"SHR","Rangeland",20
1183,"REX","Wind and Rain Storm",19
1247,"WNC","Steakmaker",21
1240,"DCC","Steakmaker",20
1331,"REX","Purina",21
1503,"WNC","Wind and Rain Storm",22
1291,"REX","Accuration",21
1437,"WNC","Wind and Rain Storm",21
1133,"SHR","Wind and Rain Storm",19
1529,"EVA","Purina",22
1124,"HAN","Purina",18
1224,"REX","Steakmaker",18
1534,"WNC","Rangeland",22
1411,"EVA","Purina",21
1272,"DLL","Steakmaker",22
1355,"DLL","Accuration",21
1304,"REX","Accuration",21
1238,"SHR","Rangeland",19
1280,"DLL","Wind and Rain Storm",20
1060,"HAN","Steakmaker",18
1168,"HAN","Accuration",18
1212,"SHR","Accuration",19
1341,"EVA","Purina",21
1306,"SHR","Rangeland",21
1378,"SCC","Steakmaker",22
1328,"SCC","Wind and Rain Storm",19
1282,"DCC","Steakmaker",20
1300,"WNC","Accuration",19
1228,"HAN","Purina",18
1287,"REX","Rangeland",20
1396,"TRI","Wind and Rain Storm",19
1188,"HAN","Accuration",18
1225,"SCC","Accuration",18
1256,"WNC","Accuration",19
1445,"SCC","Rangeland",20
1271,"REX","Accuration",19
1381,"TCL","Rangeland",22
1318,"WNC","Steakmaker",20
1443,"SCC","Wind and Rain Storm",20
1310,"SCC","Wind and Rain Storm",20
1488,"SCC","Purina",22
1243,"TCL","Rangeland",19
1439,"REX","Purina",22
1406,"WNC","Purina",20
1386,"EVA","Purina",19
1363,"TRI","Wind and Rain Storm",20
1306,"EVA","Purina",20
1260,"HAN","Purina",18
1312,"DLL","Purina",19
1328,"SHR","Wind and Rain Storm",22
1262,"WNC","Steakmaker",19
1188,"SHR","Accuration",19
1355,"SHR","Steakmaker",22
1425,"HAN","Rangeland",22
1309,"SHR","Purina",19
1314,"TCL","Rangeland",20
1021,"HAN","Steakmaker",19
1197,"REX","Steakmaker",21
1476,"EVA","Purina",22
1336,"TCL","Rangeland",20
1387,"WNC","Rangeland",21
1468,"EVA","Purina",22
1372,"EVA","Purina",21
1391,"SCC","Accuration",22
1283,"TCL","Rangeland",20
1393,"SHR","Accuration",22
1287,"DCC","Accuration",19
1287,"WNC","Wind and Rain Storm",19
1288,"EVA","Purina",18
1251,"DLL","Rangeland",19
1435,"WNC","Rangeland",22
1212,"WNC","Wind and Rain Storm",18
1242,"REX","Wind and Rain Storm",19
1305,"WNC","Rangeland",20
1284,"TRI","Rangeland",19
1200,"TRI","Steakmaker",19
1521,"DCC","Rangeland",22
1357,"DLL","Purina",22
1213,"HAN","Steakmaker",21
1182,"TCL","Rangeland",19
1238,"SHR","Steakmaker",21
1345,"HAN","Rangeland",22
1503,"SCC","Purina",22
1475,"EVA","Purina",22
1365,"DCC","Wind and Rain Storm",21
1294,"SCC","Steakmaker",22
1106,"SHR","Steakmaker",19
1159,"HAN","Accuration",18
1390,"WNC","Rangeland",21
1124,"SHR","Steakmaker",19
1339,"TRI","Steakmaker",20
1286,"HAN","Purina",21
1456,"EVA","Purina",22
1213,"HAN","Accuration",21
1216,"WNC","Wind and Rain Storm",19
1275,"DLL","Rangeland",18
1212,"REX","Wind and Rain Storm",18
1307,"DLL","Wind and Rain Storm",20
1426,"WNC","Rangeland",22
1231,"HAN","Accuration",20
1550,"REX","Rangeland",22
1175,"SHR","Accuration",19
1177,"SHR","Wind and Rain Storm",18
1291,"HAN","Rangeland",20
1101,"DLL","Steakmaker",19
1299,"TCL","Rangeland",21
1340,"TCL","Rangeland",19
1314,"DLL","Wind and Rain Storm",19
1386,"DCC","Purina",22
1340,"TRI","Wind and Rain Storm",22
1111,"SHR","Rangeland",19
1365,"SHR","Wind and Rain Storm",22
1439,"WNC","Purina",21
1237,"DLL","Wind and Rain Storm",18
1185,"HAN","Rangeland",18
1538,"SCC","Purina",22
1183,"SHR","Steakmaker",19
1297,"SHR","Accuration",21
1172,"WNC","Accuration",18
1215,"TCL","Rangeland",18
1456,"SCC","Rangeland",22
1359,"TCL","Rangeland",21
1306,"SHR","Accuration",20
1258,"TRI","Accuration",20
1342,"DLL","Steakmaker",22
1305,"TRI","Wind and Rain Storm",19
1346,"TRI","Purina",22
1211,"HAN","Purina",18
1272,"EVA","Purina",18
1316,"DLL","Purina",20
1460,"DCC","Wind and Rain Storm",22
1296,"TCL","Rangeland",20
1319,"DCC","Accuration",19
1370,"SCC","Accuration",19
1372,"DCC","Wind and Rain Storm",21
1301,"HAN","Accuration",20
1379,"DLL","Accuration",22
1206,"DLL","Accuration",20
1383,"SCC","Wind and Rain Storm",20
1297,"TCL","Rangeland",20
1217,"SHR","Purina",19
1200,"REX","Purina",18
1273,"DCC","Steakmaker",21
1526,"WNC","Wind and Rain Storm",21
1250,"EVA","Purina",18
1159,"SHR","Accuration",18
1321,"WNC","Accuration",19
1300,"REX","Steakmaker",19
1159,"REX","Steakmaker",18
1155,"DLL","Wind and Rain Storm",18
1479,"TRI","Rangeland",22
1283,"EVA","Purina",18
1290,"DLL","Accuration",20
1421,"TRI","Accuration",21
1345,"TCL","Rangeland",20
1099,"HAN","Rangeland",18
1329,"WNC","Wind and Rain Storm",20
1308,"EVA","Purina",20
1369,"WNC","Accuration",21
1186,"EVA","Purina",18
1268,"SCC","Steakmaker",20
1135,"WNC","Steakmaker",19
1308,"SCC","Steakmaker",22
1301,"SHR","Rangeland",19
1269,"HAN","Wind and Rain Storm",21
1308,"SHR","Rangeland",21
1139,"TRI","Steakmaker",18
1392,"WNC","Accuration",22
1432,"EVA","Purina",21
1409,"WNC","Steakmaker",22
1244,"TRI","Wind and Rain Storm",19
1324,"EVA","Purina",19
1263,"DCC","Wind and Rain Storm",19
1248,"REX","Purina",20
1067,"HAN","Accuration",18
1282,"WNC","Rangeland",19
1381,"DCC","Wind and Rain Storm",20
1273,"DLL","Accuration",19
1466,"DLL","Purina",22
1382,"TRI","Steakmaker",22
1323,"REX","Wind and Rain Storm",19
1259,"HAN","Purina",19
1084,"SHR","Accuration",18
1154,"HAN","Purina",18
1220,"WNC","Steakmaker",19
1233,"TCL","Rangeland",19
1165,"DLL","Wind and Rain Storm",19
1216,"HAN","Wind and Rain Storm",21
1179,"SHR","Steakmaker",20
1213,"TRI","Steakmaker",19
1385,"REX","Wind and Rain Storm",21
1325,"WNC","Rangeland",20
1381,"SCC","Purina",20
1305,"SHR","Wind and Rain Storm",21
1416,"EVA","Purina",20
1277,"SHR","Accuration",20
1274,"SHR","Wind and Rain Storm",19
1456,"WNC","Rangeland",22
1369,"REX","Purina",20
1366,"DCC","Accuration",22
1345,"EVA","Purina",18
1131,"SHR","Steakmaker",18
1209,"SHR","Accuration",18
1215,"REX","Wind and Rain Storm",18
1141,"TRI","Steakmaker",19
1189,"SHR","Purina",18
1508,"WNC","Rangeland",21
1452,"DCC","Wind and Rain Storm",21
1361,"WNC","Accuration",21
1293,"WNC","Purina",19
1220,"TRI","Purina",18
1345,"DLL","Wind and Rain Storm",21
1290,"TRI","Purina",18
1430,"REX","Wind and Rain Storm",22
1249,"DCC","Steakmaker",21
1253,"DCC","Rangeland",19
1314,"SCC","Rangeland",19
1479,"DCC","Purina",21
1182,"TCL","Rangeland",18
1527,"EVA","Purina",22
1363,"EVA","Purina",21
1289,"REX","Rangeland",21
1248,"SCC","Accuration",20
1215,"REX","Rangeland",19
1421,"TRI","Accuration",22
1187,"WNC","Steakmaker",18
1320,"DLL","Steakmaker",22
1368,"WNC","Accuration",20
1248,"TRI","Rangeland",19
1191,"DLL","Purina",18
1304,"TCL","Rangeland",19
1177,"DLL","Wind and Rain Storm",18
1321,"EVA","Purina",19
1255,"DLL","Wind and Rain Storm",18
1335,"REX","Purina",21
1573,"WNC","Rangeland",21
1311,"HAN","Accuration",22
1328,"DLL","Steakmaker",22
1284,"EVA","Purina",18
1207,"REX","Steakmaker",20
1295,"SCC","Wind and Rain Storm",18
1435,"DCC","Wind and Rain Storm",21
1418,"REX","Rangeland",22
1253,"TCL","Rangeland",20
1235,"SCC","Purina",18
1233,"TRI","Wind and Rain Storm",19
1336,"SCC","Wind and Rain Storm",22
1301,"DCC","Purina",20
1067,"SHR","Steakmaker",18
1331,"HAN","Wind and Rain Storm",22
1105,"HAN","Steakmaker",18
1263,"TRI","Accuration",19
1211,"REX","Steakmaker",20
1254,"SHR","Wind and Rain Storm",18
1339,"DLL","Purina",20
1172,"SCC","Steakmaker",18
1272,"SCC","Rangeland",19
1395,"SCC","Steakmaker",22
1311,"TRI","Wind and Rain Storm",18
1362,"WNC","Rangeland",20
1485,"REX","Purina",21
1285,"DCC","Accuration",19
1496,"DCC","Rangeland",22
1355,"DCC","Steakmaker",21
1326,"DCC","Rangeland",20
1312,"SCC","Accuration",22
1327,"WNC","Wind and Rain Storm",19
1237,"EVA","Purina",19
1221,"SHR","Wind and Rain Storm",18
1122,"TCL","Rangeland",18
1370,"TRI","Purina",20
1380,"DLL","Purina",22
1318,"WNC","Steakmaker",19
1257,"HAN","Steakmaker",21
1288,"TRI","Wind and Rain Storm",19
1267,"WNC","Wind and Rain Storm",19
1250,"EVA","Purina",20
1440,"DCC","Purina",22
1258,"HAN","Wind and Rain Storm",20
1364,"SCC","Wind and Rain Storm",21
1293,"DCC","Purina",18
1247,"DLL","Steakmaker",21
1467,"SCC","Wind and Rain Storm",22
1287,"DLL","Rangeland",20
1552,"EVA","Purina",22
